applicant_id,age,gender,income,loan_amount,loan_term_months,employment_years,credit_score,existing_loans_count,debt_to_income_ratio,collateral_value,region,loan_purpose,approval_status
1,59,Male,146944,47520,12,20,804,0,0.3,47574,South,Home,Approved
2,49,Female,132726,69772,60,9,593,4,0.5,43391,West,Personal,Approved
3,35,Male,101974,63762,60,4,576,0,0.06,53664,West,Home,Approved
4,63,Female,125947,55106,12,35,737,2,0.49,67384,West,Personal,Approved
5,28,Male,46399,30559,12,5,406,3,0.93,31027,South,Home,Rejected
6,41,Male,148177,38742,24,25,719,3,0.11,35464,North,Business,Approved
7,59,Female,105382,74669,36,3,728,4,0.76,34485,East,Business,Approved
8,39,Female,101244,26754,60,38,674,5,0.41,19456,West,Education,Approved
9,43,Male,129575,8972,24,38,372,2,0.66,74795,North,Home,Approved
10,31,Other,135520,75831,36,34,329,2,0.26,35554,South,Car,Approved
11,31,Male,130904,46873,24,0,487,0,0.16,46922,East,Education,Approved
12,44,Male,96534,14903,60,23,663,2,0.16,13409,West,Business,Approved
13,56,Other,75106,8020,12,35,750,1,0.07,69327,South,Home,Approved
14,60,Female,132599,46755,12,5,494,5,0.19,91400,South,Personal,Approved
15,44,Male,50678,50648,36,40,455,0,0.66,36639,East,Car,Approved
16,23,Female,96218,14516,48,30,471,1,0.88,63627,North,Business,Approved
17,42,Female,83230,7396,36,19,340,4,0.81,83424,West,Education,Rejected
18,22,Female,134684,24129,48,23,362,3,0.69,19692,West,Home,Approved
19,44,Male,94055,6591,24,24,322,4,0.11,89037,North,Car,Approved
20,64,Male,76373,16303,24,35,659,3,0.29,78840,North,Home,Approved
21,50,Female,51480,35561,60,20,374,4,0.31,54200,North,Personal,Rejected
22,58,Female,105230,76719,48,29,417,2,0.25,93063,East,Education,Approved
23,22,Female,88836,12314,60,23,679,1,0.52,57415,East,Home,Approved
24,41,Male,92258,24623,12,29,589,3,0.54,18074,West,Business,Approved
25,53,Female,59986,72675,48,21,739,0,0.36,15549,East,Education,Approved
26,32,Female,44160,70082,36,27,306,1,0.35,29963,South,Business,Rejected
27,42,Male,105595,38130,12,6,495,0,0.83,91456,West,Home,Approved
28,64,Male,121358,56756,12,34,720,1,0.79,96362,East,Education,Approved
29,45,Female,99111,31292,36,27,492,1,0.31,52265,North,Business,Approved
30,47,Female,84929,74274,12,13,447,4,0.91,16061,South,Personal,Rejected
31,62,Male,93506,7469,48,9,501,3,0.95,58226,North,Personal,Rejected
32,48,Male,54911,58947,60,15,743,3,0.33,28810,West,Home,Approved
33,36,Male,107127,27534,12,15,718,1,0.35,60006,North,Education,Approved
34,35,Male,51821,68620,48,30,726,2,0.51,22800,East,Car,Approved
35,64,Other,95039,53874,24,24,778,2,0.94,75476,East,Education,Approved
36,23,Female,80535,54708,48,12,774,0,0.88,69460,West,Personal,Approved
37,57,Male,133453,79553,60,5,425,0,0.1,57767,North,Business,Approved
38,27,Other,104458,73344,48,8,694,4,0.39,28054,West,Car,Approved
39,41,Female,32175,54138,36,35,624,1,0.55,75319,North,Home,Approved
40,29,Female,139235,59302,60,19,691,0,0.5,45397,South,Car,Approved
41,59,Female,74771,52638,24,17,739,0,0.19,13233,East,Home,Approved
42,38,Male,126660,7719,36,20,503,5,0.86,90020,West,Car,Rejected
43,24,Male,147157,27890,48,3,785,1,0.68,25068,South,Home,Approved
44,45,Female,141300,41509,60,32,330,4,0.84,65727,South,Home,Approved
45,34,Female,106925,47534,24,26,687,0,0.86,90610,West,Car,Approved
46,29,Male,133374,23787,36,6,733,4,0.75,70453,West,Car,Approved
47,46,Other,86358,53845,24,5,675,3,0.44,25832,South,Home,Approved
48,22,Female,37327,62932,48,14,643,4,0.61,86242,North,Personal,Rejected
49,40,Male,67057,38062,24,17,742,2,0.16,13682,South,Car,Approved
50,48,Other,26150,65461,12,31,374,2,0.67,92298,West,Education,Rejected
51,27,Other,24425,71672,36,10,454,4,0.18,23383,South,Business,Rejected
52,64,Other,143654,39832,24,19,729,2,0.69,58160,North,Home,Approved
53,28,Male,36032,36966,48,23,662,3,0.23,93332,East,Home,Rejected
54,55,Female,22198,77545,48,14,747,1,0.12,23666,East,Business,Approved
55,34,Female,80500,17987,24,6,533,2,0.17,58817,South,Personal,Approved
56,37,Female,73394,42311,48,20,561,2,0.0,91198,North,Business,Approved
57,56,Other,40079,36575,60,25,424,4,0.72,34642,East,Car,Rejected
58,60,Female,56220,68852,60,13,544,3,0.73,41830,South,Business,Rejected
59,24,Female,61874,6007,60,36,841,1,0.51,10234,South,Home,Approved
60,22,Female,33859,75981,12,20,784,4,0.16,57616,North,Business,Approved
61,26,Female,70460,52517,24,17,421,4,0.08,9221,West,Education,Rejected
62,62,Male,51419,34257,12,4,424,5,0.02,11410,South,Car,Rejected
63,24,Male,138865,47207,48,2,848,3,0.17,80055,West,Business,Approved
64,49,Male,28705,18281,12,22,469,1,0.89,61413,West,Home,Rejected
65,38,Female,62880,66246,48,25,423,3,0.24,1051,East,Car,Rejected
66,46,Male,149838,6435,48,36,334,1,0.35,75301,West,Home,Approved
67,64,Female,43236,31660,36,23,386,3,0.11,76918,North,Personal,Rejected
68,54,Male,107955,10084,60,18,500,4,0.22,78116,East,Education,Approved
69,30,Female,105514,18507,48,24,668,4,0.52,56563,East,Personal,Approved
70,56,Female,123145,77595,36,20,376,0,0.61,97859,East,Education,Approved
71,34,Female,35358,50539,60,11,358,2,0.25,44757,South,Business,Rejected
72,51,Male,119713,12491,48,40,730,5,0.06,77475,South,Car,Approved
73,35,Other,114914,55192,48,32,799,3,0.39,51257,West,Business,Approved
74,28,Female,122870,68888,12,3,408,5,0.23,95500,East,Education,Approved
75,34,Male,96918,78609,12,6,577,0,0.22,307,East,Education,Approved
76,43,Female,139179,14077,60,21,367,2,0.96,56889,North,Education,Approved
77,60,Female,136243,25953,48,32,368,3,0.62,68895,West,Home,Approved
78,41,Male,34596,72889,24,16,464,1,0.56,95184,North,Car,Rejected
79,36,Female,53572,28821,12,23,788,2,0.42,35944,West,Business,Approved
80,65,Male,98757,42567,60,33,604,4,0.43,99555,West,Business,Approved
81,38,Male,21279,29860,48,27,664,0,0.54,38134,South,Personal,Approved
82,44,Male,83197,26195,48,40,678,2,0.7,27323,South,Education,Approved
83,46,Male,131496,26427,24,38,642,2,0.7,71762,North,Education,Approved
84,45,Male,82516,32083,60,21,653,4,0.17,87225,West,Education,Approved
85,65,Female,27083,62372,48,16,715,3,0.5,96507,East,Business,Rejected
86,61,Female,140674,49064,12,33,408,1,0.41,25954,South,Personal,Approved
87,49,Female,140307,12813,24,5,796,4,0.87,55021,East,Home,Approved
88,35,Female,146457,36598,60,5,640,1,0.63,89959,North,Car,Approved
89,65,Female,129397,32082,24,33,682,3,0.53,95927,South,Home,Approved
90,21,Female,37771,34241,12,0,832,2,0.12,79866,South,Business,Approved
91,45,Male,49975,49569,60,9,599,1,0.61,70427,West,Education,Approved
92,27,Male,65648,16745,24,20,438,0,0.12,4992,North,Car,Approved
93,29,Female,145641,31029,36,4,658,0,0.34,1961,West,Business,Approved
94,44,Male,68285,18025,12,1,798,4,0.14,12497,South,Business,Approved
95,21,Female,39063,19288,12,21,684,3,0.69,32551,North,Business,Rejected
96,64,Male,87642,11540,12,1,579,4,0.21,76384,South,Car,Approved
97,28,Female,110093,73878,36,9,782,4,0.39,55755,North,Car,Approved
98,44,Other,134390,46846,36,33,410,5,0.9,13255,South,Personal,Rejected
99,31,Female,106143,22482,48,15,438,4,0.2,4567,East,Personal,Approved
100,37,Male,57599,28411,24,38,734,5,0.51,48847,East,Home,Rejected
101,28,Male,71920,55975,48,21,808,0,0.42,48003,West,Car,Approved
102,55,Other,48529,65545,24,11,572,0,0.02,20389,East,Car,Approved
103,55,Other,55954,57307,36,23,398,4,0.79,44523,South,Car,Rejected
104,53,Male,47856,8093,36,39,403,0,0.07,61576,South,Personal,Approved
105,25,Female,22573,27042,48,37,513,3,0.47,43919,East,Business,Rejected
106,62,Male,98344,57930,60,9,464,5,0.56,82103,West,Education,Rejected
107,59,Male,55367,49413,48,34,819,5,0.63,3358,East,Personal,Rejected
108,61,Male,122337,38756,24,31,583,4,0.69,88535,North,Car,Approved
109,48,Male,126732,58268,48,6,816,0,0.25,76524,North,Personal,Approved
110,27,Other,119608,44214,12,20,463,1,0.01,97057,North,Home,Approved
111,29,Female,80774,33602,24,19,363,5,0.72,5698,East,Car,Rejected
112,28,Male,43752,58331,24,25,390,4,0.54,66809,East,Home,Rejected
113,32,Female,75029,53901,60,3,416,4,0.84,93079,East,Car,Rejected
114,54,Other,37685,68416,36,21,566,3,0.82,55805,North,Personal,Rejected
115,53,Other,71693,37196,24,14,439,2,0.84,31349,West,Business,Rejected
116,43,Male,136739,10626,36,39,545,2,0.49,76777,South,Education,Approved
117,44,Male,75961,12424,48,20,694,5,0.33,50248,East,Home,Approved
118,57,Male,126937,17857,12,14,786,3,0.79,75033,West,Personal,Approved
119,55,Male,144956,24982,60,21,775,3,0.45,98239,South,Business,Approved
120,64,Male,96908,6980,36,27,816,3,0.18,44041,South,Personal,Approved
121,60,Female,145537,53290,24,13,483,5,0.85,31954,South,Home,Approved
122,42,Male,146678,31431,36,26,319,2,0.88,8002,West,Education,Approved
123,47,Male,94532,31385,24,40,823,3,0.47,69783,West,Personal,Approved
124,55,Male,101994,43158,36,39,828,0,0.08,87234,North,Car,Approved
125,21,Male,76133,28019,24,27,446,4,0.39,19738,West,Business,Rejected
126,55,Male,117425,23639,48,25,603,4,0.8,10703,West,Personal,Approved
127,57,Female,145055,26563,24,1,527,1,0.9,49422,West,Business,Approved
128,34,Male,81268,44341,24,24,401,1,0.2,83106,South,Car,Approved
129,23,Male,112201,10776,12,2,716,5,0.07,61899,East,Education,Approved
130,21,Male,58243,41444,24,7,515,5,0.88,12392,North,Education,Rejected
131,25,Female,77384,73916,12,32,706,4,0.39,44724,East,Car,Approved
132,46,Male,51653,13711,60,34,698,0,0.54,32299,East,Business,Approved
133,34,Male,46657,79318,12,5,798,2,0.97,15641,West,Personal,Rejected
134,59,Male,59952,35707,48,38,764,2,0.07,79534,North,Car,Approved
135,47,Other,42180,44110,12,22,381,5,0.65,6305,East,Home,Rejected
136,29,Male,117432,66788,60,24,664,0,0.07,98262,East,Business,Approved
137,35,Female,141829,43827,48,18,462,5,0.38,18782,North,Education,Approved
138,35,Other,148377,10655,36,4,347,2,0.8,78257,West,Car,Approved
139,46,Male,98411,49859,36,10,810,5,0.43,77963,East,Education,Approved
140,62,Female,21622,58625,12,11,628,3,1.0,20566,South,Business,Rejected
141,33,Female,68756,57098,12,9,415,5,0.56,67766,East,Education,Rejected
142,52,Male,60809,20251,60,7,636,4,0.32,6511,South,Car,Rejected
143,59,Male,36725,5526,60,23,446,5,0.22,26177,West,Business,Rejected
144,52,Female,81396,73760,24,27,622,4,0.35,4765,East,Home,Approved
145,24,Female,71226,52837,60,40,742,0,0.37,20354,North,Car,Approved
146,50,Other,126296,16536,24,35,312,2,0.07,23929,North,Personal,Approved
147,57,Male,101182,33541,48,36,793,1,0.37,28820,East,Car,Approved
148,43,Female,102565,56027,12,20,586,1,0.46,29523,West,Business,Approved
149,59,Male,49402,39531,48,7,413,2,0.72,71088,West,Car,Rejected
150,65,Female,24263,13712,60,8,779,1,0.66,66163,North,Home,Approved
151,35,Female,143489,70455,48,14,321,5,0.71,77525,East,Home,Rejected
152,63,Male,116523,79744,48,39,648,0,0.01,13780,West,Personal,Approved
153,49,Male,66828,10109,48,17,619,0,0.22,6589,North,Education,Approved
154,56,Male,140824,54268,60,19,425,2,0.66,34812,South,Business,Approved
155,33,Male,67924,59615,48,5,576,1,0.48,93664,East,Business,Approved
156,52,Male,94182,34759,24,11,503,5,0.01,45939,South,Education,Approved
157,27,Female,113065,65112,60,1,493,0,0.8,51493,South,Home,Approved
158,42,Female,79052,31589,48,6,846,0,0.77,93326,West,Home,Approved
159,48,Female,31664,35015,60,15,585,3,0.55,40953,West,Car,Rejected
160,22,Other,55737,34009,36,2,356,3,0.07,65785,West,Personal,Rejected
161,62,Female,121332,67046,24,2,602,0,0.77,19309,East,Personal,Approved
162,65,Female,109563,31143,48,26,462,2,0.58,54195,South,Personal,Approved
163,26,Female,49373,11154,36,39,318,4,0.78,25901,East,Car,Rejected
164,48,Male,137369,26804,36,37,669,4,0.75,23576,West,Personal,Approved
165,48,Male,56397,46688,60,32,563,5,0.8,31508,South,Education,Rejected
166,64,Male,148575,69288,36,27,412,0,0.52,74711,East,Car,Approved
167,64,Male,106145,56195,24,0,787,0,0.14,25464,East,Education,Approved
168,40,Male,121371,25581,24,7,626,0,0.67,60281,North,Car,Approved
169,50,Male,58709,57648,12,36,841,2,0.62,16260,East,Personal,Approved
170,31,Female,136074,35087,24,31,364,3,0.74,35440,West,Education,Approved
171,48,Female,81120,54930,36,36,591,0,0.17,95082,East,Education,Approved
172,45,Male,39250,37981,24,3,324,0,0.19,56683,South,Education,Approved
173,59,Male,41172,74298,60,29,848,1,0.89,41430,East,Car,Approved
174,53,Male,31555,51167,12,5,300,2,0.75,1987,North,Business,Rejected
175,21,Female,107410,48408,36,18,848,5,0.91,25105,South,Personal,Approved
176,47,Female,98617,44499,12,31,440,0,0.76,78484,South,Education,Approved
177,33,Female,73276,57269,36,8,487,1,0.6,13026,North,Business,Approved
178,61,Male,77492,43559,60,11,427,4,0.65,68309,West,Personal,Rejected
179,23,Female,73002,79319,12,10,500,5,0.89,45927,South,Personal,Rejected
180,59,Other,140103,53787,48,15,426,0,0.58,75414,West,Education,Approved
181,26,Male,144938,40488,36,0,556,0,0.63,57535,South,Education,Approved
182,28,Female,109599,79441,48,20,846,1,0.16,42946,South,Car,Approved
183,47,Female,92355,79663,12,29,493,2,0.47,56561,West,Business,Approved
184,29,Female,111248,27431,48,12,403,0,0.72,10377,South,Business,Approved
185,57,Male,44762,66681,48,33,834,4,0.27,53592,West,Education,Approved
186,53,Female,31046,68483,12,3,564,0,0.2,7347,North,Personal,Approved
187,62,Female,116999,54153,60,27,683,4,0.31,33776,West,Education,Approved
188,64,Female,144130,11368,48,37,559,5,0.24,3783,North,Personal,Approved
189,44,Other,136021,32424,48,30,713,5,0.21,55798,South,Personal,Approved
190,35,Female,48769,50004,60,26,657,3,0.42,4298,West,Education,Rejected
191,52,Other,73302,61985,48,4,374,3,0.91,70204,South,Home,Rejected
192,52,Female,43150,55069,48,24,654,4,0.51,86207,West,Business,Rejected
193,44,Female,88247,57326,48,2,487,2,0.19,55161,North,Personal,Approved
194,61,Female,24853,28398,24,32,589,0,0.08,60652,North,Personal,Approved
195,32,Male,114613,55861,60,3,344,0,0.7,34484,West,Home,Approved
196,59,Female,140900,73577,48,24,382,3,0.38,98614,North,Car,Approved
197,22,Female,109399,70641,60,19,422,4,0.82,20922,South,Home,Rejected
198,23,Female,41792,14078,36,33,657,0,0.66,34028,South,Home,Approved
199,57,Other,79129,30003,36,25,827,0,0.8,20316,East,Personal,Approved
200,37,Male,126019,67768,48,4,365,2,0.27,76996,North,Business,Approved
201,22,Female,94478,56047,60,34,674,1,0.69,16968,South,Home,Approved
202,22,Female,133811,76626,60,27,461,3,0.26,30266,West,Car,Approved
203,48,Female,134130,62660,60,28,679,3,0.94,95745,North,Education,Approved
204,43,Female,87298,54786,24,8,657,1,0.64,24000,South,Home,Approved
205,57,Female,51987,6925,36,37,487,0,0.32,14011,North,Home,Approved
206,52,Female,35850,31015,60,5,621,2,0.27,2866,West,Car,Approved
207,53,Male,32112,38320,60,18,749,2,0.19,5898,South,Business,Approved
208,21,Male,141789,69881,24,10,773,3,0.69,18395,East,Home,Approved
209,39,Female,44058,31289,24,1,312,2,0.22,39019,East,Home,Rejected
210,22,Male,65420,8389,60,8,483,5,0.6,4006,North,Business,Rejected
211,64,Male,58890,30683,12,20,410,1,0.26,34393,West,Car,Approved
212,46,Female,86017,18629,60,23,807,0,0.66,10956,South,Home,Approved
213,52,Male,67304,66550,60,33,589,5,0.81,50042,West,Business,Rejected
214,26,Female,52921,29826,24,21,594,1,0.78,96199,South,Home,Approved
215,52,Female,125921,31630,24,2,750,4,0.76,6078,North,Education,Approved
216,24,Female,21524,51163,60,11,514,3,0.19,29631,South,Personal,Rejected
217,31,Male,120424,71435,60,27,326,2,0.09,95676,West,Education,Approved
218,37,Female,35048,16653,60,29,530,4,0.7,62901,West,Home,Rejected
219,58,Male,55111,32961,24,25,620,2,0.37,69497,North,Car,Approved
220,44,Female,57904,79137,60,20,532,5,0.43,94813,West,Personal,Rejected
221,25,Male,74912,38662,60,27,736,0,0.03,41574,South,Education,Approved
222,54,Female,54008,61446,48,25,832,0,0.26,31417,North,Business,Approved
223,26,Female,20060,26288,12,32,702,0,0.03,88020,South,Car,Approved
224,42,Other,94666,41877,36,20,352,2,0.88,83639,West,Education,Rejected
225,31,Female,103559,20313,12,34,612,4,0.24,65006,North,Business,Approved
226,36,Male,75337,77715,48,33,580,0,0.56,94881,South,Home,Approved
227,53,Female,130616,15326,36,40,330,4,0.04,39454,West,Business,Approved
228,29,Male,33350,6560,60,17,636,2,0.67,1587,West,Education,Rejected
229,26,Male,44354,31745,48,10,482,5,0.32,54710,East,Education,Rejected
230,36,Male,65186,36890,60,22,322,4,0.9,86567,West,Home,Rejected
231,49,Female,48145,25022,24,21,843,5,0.89,91748,South,Business,Rejected
232,23,Female,54020,57579,48,16,745,2,0.33,75886,North,Business,Approved
233,40,Male,106123,75316,24,4,373,2,0.9,18816,East,Home,Approved
234,56,Female,126667,33380,48,10,309,3,1.0,85824,West,Business,Rejected
235,39,Male,95186,7356,48,29,783,2,0.83,29432,West,Home,Approved
236,46,Male,105469,75326,24,14,755,2,0.84,48617,West,Car,Approved
237,23,Male,40581,25049,36,26,459,1,0.25,72373,South,Education,Approved
238,39,Male,108929,21082,12,34,313,0,0.58,34217,East,Car,Approved
239,40,Female,43051,5661,60,32,477,3,0.07,20884,South,Personal,Rejected
240,52,Female,71474,42412,48,19,711,3,0.09,5454,East,Personal,Approved
241,27,Female,111748,7920,60,15,352,3,1.0,74960,North,Personal,Rejected
242,61,Male,145995,65315,24,33,707,1,0.33,43618,South,Home,Approved
243,53,Male,134618,13946,60,1,321,5,0.75,83948,South,Business,Rejected
244,60,Male,89626,50500,24,34,329,2,0.81,62671,North,Car,Rejected
245,59,Female,26960,21309,60,39,559,0,0.86,47111,East,Car,Rejected
246,38,Male,55772,60230,12,27,504,4,1.0,39613,West,Car,Rejected
247,60,Female,41520,35027,12,38,358,5,0.24,85678,North,Car,Rejected
248,21,Other,69481,77541,12,5,770,2,0.04,59993,West,Personal,Approved
249,31,Female,56408,64321,12,8,765,1,0.41,8848,West,Car,Approved
250,48,Other,114006,5956,12,19,311,2,0.13,78672,North,Business,Approved
251,45,Male,148496,79131,12,0,589,2,0.02,66125,East,Personal,Approved
252,43,Female,77134,52908,24,7,653,1,0.36,86444,West,Car,Approved
253,51,Female,40491,30963,48,22,374,3,0.78,61602,North,Home,Rejected
254,50,Female,21341,44443,60,2,740,3,0.57,72045,South,Education,Rejected
255,62,Male,64623,44063,12,3,540,0,0.31,42222,South,Education,Approved
256,55,Male,110327,9703,24,24,453,0,0.65,49223,South,Education,Approved
257,27,Male,20338,70128,24,37,395,3,0.23,65333,North,Personal,Rejected
258,36,Female,91431,77099,24,14,593,5,0.01,52732,South,Car,Approved
259,46,Female,32254,30849,48,20,508,4,0.76,49420,West,Personal,Rejected
260,22,Female,71860,36860,60,34,642,2,0.62,75504,South,Business,Approved
261,21,Male,31344,36585,48,13,387,4,0.76,2462,South,Home,Rejected
262,32,Female,21750,27015,36,35,689,2,0.04,9460,West,Home,Approved
263,25,Male,74756,48585,24,11,624,3,0.84,99319,South,Education,Rejected
264,57,Male,87957,31958,36,16,456,0,0.62,9275,West,Education,Approved
265,52,Male,125423,31017,12,38,436,5,0.56,94213,South,Education,Approved
266,29,Female,78053,50350,12,8,727,0,0.62,13269,West,Car,Approved
267,61,Male,90855,17201,48,34,751,4,0.86,65942,South,Business,Approved
268,55,Female,35896,34426,60,12,440,0,0.59,72920,West,Business,Rejected
269,39,Female,75761,22778,36,14,382,3,0.58,22553,North,Business,Rejected
270,36,Male,82552,50241,60,17,476,5,0.99,24366,West,Business,Rejected
271,23,Female,140075,47229,48,32,497,4,0.76,44036,South,Education,Approved
272,40,Male,97454,53364,12,5,720,5,0.44,17369,South,Home,Approved
273,44,Male,146522,62056,60,26,700,2,0.71,11795,East,Education,Approved
274,53,Female,138681,32490,60,22,770,0,0.39,70021,West,Business,Approved
275,44,Male,110600,24975,12,26,517,5,0.23,68154,North,Education,Approved
276,31,Female,142732,31723,36,33,474,1,0.6,30143,West,Business,Approved
277,28,Female,132153,28279,12,37,322,0,0.93,29425,West,Personal,Approved
278,56,Female,142926,16561,60,13,534,2,0.93,88209,North,Home,Approved
279,58,Female,47935,71061,36,35,312,5,0.34,75139,West,Personal,Rejected
280,60,Female,57641,54153,36,7,400,4,0.53,5368,North,Car,Rejected
281,40,Female,49711,38142,12,34,835,2,0.21,4621,North,Education,Approved
282,55,Female,90342,31916,60,18,822,1,1.0,58829,West,Car,Approved
283,45,Male,126896,69324,48,29,751,5,0.98,60294,West,Education,Approved
284,55,Male,32182,49965,60,13,730,3,0.65,14719,South,Personal,Rejected
285,45,Female,107833,9648,24,19,832,0,0.8,29227,South,Business,Approved
286,49,Female,76276,40133,48,24,592,4,0.72,7566,East,Business,Rejected
287,38,Male,39541,55677,36,39,400,3,0.59,12306,East,Education,Rejected
288,38,Female,114457,75135,48,23,801,5,0.05,53822,West,Business,Approved
289,22,Male,102310,40046,36,13,603,5,0.45,24042,North,Personal,Approved
290,55,Other,64813,52064,36,25,839,2,0.67,15086,East,Business,Approved
291,36,Male,57198,74350,48,37,654,5,0.68,17387,West,Personal,Rejected
292,61,Male,28820,50893,36,22,602,4,0.37,27042,East,Car,Rejected
293,56,Male,44070,66272,36,21,795,3,0.94,89424,North,Personal,Rejected
294,53,Female,89768,72649,24,18,526,4,0.17,51618,West,Home,Approved
295,24,Female,31122,69674,60,2,535,1,0.5,92050,North,Home,Rejected
296,53,Male,100559,18760,60,18,754,1,0.69,18323,West,Home,Approved
297,34,Female,93543,26927,24,8,312,0,0.7,18019,East,Education,Approved
298,41,Male,103441,66367,48,27,509,0,0.65,75426,South,Education,Approved
299,40,Female,61786,17588,12,19,696,1,0.28,40863,East,Education,Approved
300,28,Male,114934,57233,12,6,399,5,0.16,10283,East,Personal,Approved
301,27,Male,119804,49738,12,13,330,4,0.64,18279,South,Education,Rejected
302,23,Female,26737,38397,24,8,827,1,0.6,46999,South,Car,Approved
303,37,Other,56062,76260,24,18,628,0,0.18,62780,West,Home,Approved
304,53,Female,74237,24816,36,13,465,1,0.71,22908,West,Personal,Approved
305,32,Female,71571,47240,12,37,758,5,0.46,61584,North,Home,Approved
306,42,Other,45510,11276,48,35,399,1,0.67,50225,North,Education,Rejected
307,42,Male,39426,28499,48,39,472,4,0.84,37952,East,Personal,Rejected
308,50,Other,57265,76635,12,16,461,3,0.17,37663,South,Business,Rejected
309,58,Female,37850,40946,12,29,562,5,0.02,61381,North,Car,Rejected
310,58,Female,138249,60204,12,8,573,0,0.78,47929,East,Education,Approved
311,65,Female,86150,56886,24,32,302,4,0.61,9343,South,Education,Rejected
312,28,Female,107312,76652,24,24,327,1,0.7,76173,West,Car,Approved
313,47,Female,109613,20563,24,13,625,1,0.84,39791,East,Car,Approved
314,47,Female,94910,14847,60,10,448,3,0.8,29134,West,Business,Rejected
315,54,Female,72375,31155,48,34,839,0,0.96,47101,North,Education,Approved
316,41,Male,141826,72278,48,40,787,0,0.54,69443,North,Education,Approved
317,50,Other,55435,23309,36,13,737,2,0.49,99111,South,Home,Approved
318,53,Female,116443,5619,24,29,364,0,0.4,57530,East,Personal,Approved
319,48,Male,77132,55108,60,40,655,3,0.15,46799,West,Personal,Approved
320,53,Female,98945,39707,60,3,832,2,0.57,4827,South,Home,Approved
321,25,Female,102050,25337,48,3,551,2,0.28,96143,North,Personal,Approved
322,39,Female,149828,71504,24,27,534,1,0.92,62653,North,Car,Approved
323,24,Female,115402,52614,36,7,526,1,0.58,13699,East,Personal,Approved
324,55,Male,22983,5281,24,1,824,0,0.59,91419,West,Personal,Approved
325,37,Female,117241,32420,12,40,612,2,0.35,5313,East,Home,Approved
326,64,Other,40662,44030,24,21,348,1,0.05,13598,West,Business,Rejected
327,48,Male,43510,6058,12,40,417,3,0.03,28807,West,Personal,Rejected
328,50,Female,98187,33404,12,15,353,1,0.42,70423,East,Personal,Approved
329,49,Male,60998,34856,36,28,343,5,0.08,69390,South,Business,Rejected
330,26,Female,76846,14200,48,29,352,5,0.61,45226,East,Home,Rejected
331,55,Female,114071,69178,24,11,824,1,0.88,59550,East,Business,Approved
332,61,Female,26640,38997,12,34,401,2,0.88,80072,North,Home,Rejected
333,57,Male,64547,30611,24,10,697,2,0.66,3558,North,Car,Approved
334,44,Female,74620,46235,48,20,437,4,0.21,75308,East,Home,Rejected
335,49,Male,35317,40057,48,20,686,5,0.86,50113,East,Car,Rejected
336,51,Male,135608,6239,60,4,410,3,0.89,52999,North,Car,Approved
337,55,Male,27564,70661,48,19,316,2,0.2,55878,West,Home,Rejected
338,53,Male,47345,50272,36,36,481,0,0.74,36343,East,Education,Rejected
339,41,Female,133824,66212,12,2,835,5,0.29,58219,South,Home,Approved
340,52,Female,114223,20398,60,32,840,3,0.8,35186,South,Personal,Approved
341,43,Female,143372,61503,36,8,470,3,1.0,36966,South,Personal,Approved
342,53,Male,99273,11638,24,8,708,2,0.03,33769,East,Education,Approved
343,23,Female,94859,11570,12,3,677,3,0.9,53218,West,Car,Approved
344,38,Female,100765,73785,48,34,487,2,0.62,19229,West,Education,Approved
345,45,Male,130017,14110,12,16,529,1,0.97,75209,North,Personal,Approved
346,62,Other,94038,17115,24,33,418,5,0.47,27877,East,Education,Rejected
347,51,Other,143618,44062,60,23,455,4,0.85,58001,West,Home,Approved
348,23,Male,72393,27911,60,31,764,1,0.06,97137,East,Education,Approved
349,60,Male,86081,37556,60,0,403,5,0.34,38084,North,Car,Rejected
350,44,Other,145341,6969,48,7,801,2,0.07,81780,North,Home,Approved
351,52,Female,122650,48753,36,22,474,5,0.98,92892,North,Business,Rejected
352,42,Male,49430,9470,36,39,720,2,0.82,16806,South,Personal,Rejected
353,43,Female,95532,15225,12,11,433,1,0.85,88635,East,Personal,Approved
354,22,Female,47788,28196,48,11,690,0,0.94,37034,North,Education,Approved
355,47,Female,115505,18669,60,14,800,0,0.09,40317,East,Home,Approved
356,62,Female,68543,42380,60,40,332,5,0.39,55468,South,Business,Rejected
357,22,Female,33919,53320,24,18,354,0,0.07,19094,South,Home,Approved
358,46,Male,89346,52414,24,25,818,2,0.21,57796,North,Personal,Approved
359,37,Male,116122,20577,60,28,311,3,0.23,10589,North,Home,Approved
360,60,Female,59974,60409,60,21,827,2,0.47,57221,West,Business,Approved
361,53,Other,127309,33625,48,39,672,3,0.27,1657,East,Education,Approved
362,29,Male,36371,29089,36,20,783,1,0.1,98300,North,Car,Approved
363,63,Female,65084,41487,24,37,527,4,0.17,39531,West,Home,Rejected
364,59,Female,49629,70838,36,19,606,3,0.15,52227,East,Car,Approved
365,49,Female,71184,55138,48,28,756,0,0.97,3164,North,Personal,Approved
366,62,Female,81916,47823,60,3,459,2,0.76,93078,West,Education,Rejected
367,46,Female,147293,42208,36,6,630,1,0.97,83973,West,Education,Approved
368,55,Female,93972,59061,60,27,524,0,0.44,41247,East,Home,Approved
369,45,Female,82187,35659,60,27,803,1,0.28,19601,West,Education,Approved
370,44,Male,32984,36890,12,3,755,4,0.8,93966,East,Home,Rejected
371,33,Female,53039,52055,36,21,344,2,0.33,50599,East,Home,Rejected
372,27,Male,105431,24508,36,11,513,5,0.3,71545,East,Car,Approved
373,56,Male,103691,47287,60,2,358,2,0.23,4552,South,Education,Approved
374,65,Female,78606,31984,48,21,494,4,0.13,9417,West,Home,Approved
375,40,Male,30616,13125,12,1,788,2,0.26,58579,East,Car,Approved
376,21,Male,122665,41059,60,23,456,5,0.36,68207,North,Business,Approved
377,28,Female,125373,74569,24,33,525,3,0.67,72055,South,Car,Approved
378,36,Male,70072,22087,24,26,711,1,0.06,78270,South,Car,Approved
379,34,Male,44574,10704,12,40,504,5,0.21,3722,West,Home,Rejected
380,32,Female,23430,65576,48,0,378,0,0.81,70442,East,Personal,Rejected
381,43,Female,139123,78384,60,7,423,4,0.15,95632,West,Personal,Approved
382,35,Male,32676,77460,36,22,770,3,0.34,40031,South,Personal,Approved
383,48,Female,30816,32208,12,37,517,0,0.86,79235,East,Car,Rejected
384,54,Female,52733,71024,48,5,815,0,0.15,21438,North,Home,Approved
385,22,Female,105680,44882,36,21,403,4,0.08,58819,East,Education,Approved
386,52,Female,22050,30923,24,24,692,3,0.48,43856,South,Car,Rejected
387,43,Other,129996,34165,24,17,733,0,0.3,33576,North,Car,Approved
388,42,Female,53933,72203,36,16,630,0,0.56,41938,East,Home,Approved
389,45,Female,44951,9114,12,11,442,3,0.8,49028,North,Business,Rejected
390,42,Female,52413,69965,24,5,839,2,0.14,59807,North,Car,Approved
391,42,Male,54801,41321,60,25,577,0,0.58,49877,South,Business,Approved
392,62,Male,75619,78297,36,26,532,1,0.51,97783,North,Business,Approved
393,26,Female,52913,30426,36,7,828,3,0.14,43461,West,Personal,Approved
394,35,Female,132573,22772,24,18,389,0,0.62,93474,South,Home,Approved
395,63,Female,139076,8712,12,0,791,4,0.27,40469,West,Business,Approved
396,57,Male,60600,6367,60,28,498,5,0.49,83136,North,Home,Rejected
397,53,Female,77775,56924,12,34,661,1,0.08,20435,West,Personal,Approved
398,28,Male,110816,8726,48,39,740,5,0.46,84117,East,Home,Approved
399,64,Female,149972,32723,48,13,325,5,0.31,14191,North,Car,Approved
400,64,Female,110093,14108,24,34,324,0,0.82,84726,East,Business,Approved
401,25,Female,132590,40643,24,19,693,1,0.06,27386,West,Home,Approved
402,59,Female,55400,36324,24,12,806,1,0.42,31721,East,Education,Approved
403,24,Female,24494,13927,48,37,600,2,0.46,54786,North,Home,Rejected
404,26,Male,100688,27443,12,7,638,5,0.73,13704,East,Business,Rejected
405,65,Female,142744,68449,12,19,566,1,0.57,56635,West,Personal,Approved
406,52,Male,109431,65233,24,32,760,2,0.67,2123,West,Personal,Approved
407,50,Female,94691,30537,60,25,755,3,0.78,90710,West,Business,Approved
408,55,Female,117419,27612,12,38,659,2,0.86,62993,North,Car,Approved
409,60,Female,128730,11471,48,20,367,4,0.31,80122,West,Car,Approved
410,36,Female,63001,40631,36,40,711,0,0.54,97512,North,Personal,Approved
411,33,Female,87364,36348,36,8,790,3,0.84,25416,East,Personal,Approved
412,62,Other,144988,69732,36,23,348,3,0.99,1814,West,Business,Approved
413,50,Male,65028,6177,60,36,401,4,0.89,78537,East,Car,Rejected
414,39,Male,127434,9760,24,40,515,2,0.37,50258,South,Personal,Approved
415,37,Male,117659,37779,48,16,737,0,0.2,16508,East,Car,Approved
416,39,Male,57573,26636,60,23,458,2,0.49,85166,South,Personal,Rejected
417,48,Female,20806,58551,48,20,788,1,0.74,78916,East,Home,Approved
418,46,Other,144343,16556,48,38,541,2,0.49,35699,North,Education,Approved
419,57,Male,76638,32598,24,40,304,3,0.48,46335,East,Home,Rejected
420,46,Male,148301,16563,36,38,660,0,0.84,46806,North,Personal,Approved
421,43,Male,146295,51819,24,12,758,2,0.36,77853,North,Education,Approved
422,29,Female,126506,78770,60,10,547,0,0.86,63768,West,Education,Approved
423,32,Female,49757,31966,60,18,721,0,0.41,35739,North,Personal,Approved
424,21,Male,54636,64889,60,10,314,1,0.33,34785,South,Personal,Rejected
425,21,Other,100097,31987,24,12,421,1,0.45,31980,West,Car,Approved
426,54,Female,68280,63348,48,0,576,3,0.76,89335,West,Personal,Rejected
427,52,Male,44262,29596,48,39,752,4,0.13,94702,East,Business,Approved
428,45,Female,100435,38174,12,18,689,0,0.2,85016,North,Personal,Approved
429,60,Female,82211,69106,60,11,593,4,0.95,1609,North,Business,Rejected
430,65,Male,74842,74967,48,7,745,3,0.18,66253,South,Personal,Approved
431,21,Male,148583,64182,12,7,509,0,0.57,85481,East,Car,Approved
432,36,Male,76979,44310,48,11,601,0,0.58,91128,East,Business,Approved
433,59,Male,134524,61088,60,32,522,5,0.49,28141,West,Home,Approved
434,25,Female,101470,13906,36,25,302,4,0.64,30009,West,Business,Rejected
435,42,Other,58197,41914,60,38,817,2,0.23,6782,West,Car,Approved
436,49,Male,61844,50379,24,27,392,1,0.55,92072,South,Business,Rejected
437,23,Male,84754,42650,48,4,819,2,0.37,99352,South,Personal,Approved
438,32,Male,121868,51881,48,7,727,4,0.66,25933,West,Personal,Approved
439,46,Male,54157,51413,24,24,792,1,0.14,77154,East,Car,Approved
440,36,Female,97129,11012,24,26,534,2,0.57,8307,South,Education,Approved
441,57,Male,60042,55115,36,22,460,5,0.19,92207,East,Personal,Rejected
442,42,Male,81665,12151,48,29,630,1,0.28,75874,East,Home,Approved
443,49,Male,135512,62716,48,22,632,0,0.22,38346,North,Car,Approved
444,34,Female,136953,41378,36,19,349,2,0.18,50772,West,Business,Approved
445,48,Male,102856,47652,12,17,822,1,0.83,72084,North,Business,Approved
446,25,Female,47376,77430,36,17,791,5,0.29,40149,West,Home,Rejected
447,50,Male,129049,18467,60,1,571,1,0.93,86700,West,Personal,Approved
448,25,Female,75554,36010,48,3,551,1,0.97,27526,East,Car,Approved
449,32,Female,34199,59691,24,29,389,5,0.57,96758,West,Home,Rejected
450,36,Male,138533,69157,60,32,745,2,0.14,85712,East,Personal,Approved
451,46,Male,101412,17289,48,35,631,3,0.37,68477,East,Car,Approved
452,46,Female,70948,49976,36,17,438,2,0.8,5695,West,Business,Rejected
453,41,Other,93781,48596,60,36,656,4,0.37,39169,East,Car,Approved
454,59,Female,92750,28171,48,18,573,5,0.09,47947,East,Education,Approved
455,56,Female,86262,49139,12,27,318,2,0.56,47224,East,Car,Rejected
456,53,Other,137424,53713,12,39,610,1,0.85,45865,South,Education,Approved
457,50,Female,66600,34734,24,19,453,5,0.8,25553,East,Car,Rejected
458,57,Male,96898,77588,48,32,689,0,0.18,60410,South,Education,Approved
459,43,Other,82483,68646,12,11,559,2,0.67,90895,South,Business,Approved
460,30,Male,38297,8654,36,14,424,5,0.22,24816,East,Personal,Rejected
461,25,Female,50448,23743,48,40,653,2,0.22,55026,East,Education,Approved
462,56,Male,46172,53368,36,38,572,5,0.87,50705,South,Education,Rejected
463,54,Male,62874,79172,36,1,544,1,0.25,61922,South,Business,Approved
464,51,Male,27657,11441,12,28,749,0,0.26,73914,East,Education,Approved
465,30,Female,104386,29611,48,40,546,0,0.0,1881,East,Home,Approved
466,39,Male,145617,17149,60,9,819,4,0.87,39567,West,Business,Approved
467,52,Male,45425,64189,12,1,440,5,0.79,47365,South,Home,Rejected
468,21,Male,46685,26675,12,10,661,2,0.63,79211,South,Business,Approved
469,25,Female,142000,76031,48,12,307,0,0.75,70122,West,Education,Approved
470,65,Other,132855,47668,48,9,777,0,0.15,25006,South,Home,Approved
471,24,Female,44578,18673,36,13,651,3,0.46,41198,North,Education,Rejected
472,36,Female,48831,70429,48,17,794,3,0.35,22831,South,Business,Approved
473,44,Female,27906,28669,36,8,726,0,0.09,16459,West,Education,Approved
474,36,Female,81413,39068,12,38,338,5,0.49,32443,North,Home,Rejected
475,22,Male,74028,14435,24,27,486,4,0.92,42316,East,Home,Rejected
476,48,Male,27287,57249,60,2,392,0,0.04,96131,West,Education,Approved
477,52,Male,53660,42384,12,19,385,1,0.29,64486,West,Car,Approved
478,47,Male,95758,36401,48,5,343,2,0.21,5877,East,Business,Approved
479,40,Male,80504,76831,60,26,436,4,0.24,39553,West,Business,Rejected
480,44,Female,79720,39084,24,1,720,1,0.91,4922,South,Education,Approved
481,32,Male,122979,60826,24,28,373,4,0.47,4686,East,Car,Approved
482,55,Female,54701,41451,36,37,847,1,0.47,32766,West,Home,Approved
483,53,Female,103300,12227,60,2,811,2,0.76,79943,East,Personal,Approved
484,53,Male,130177,36910,36,15,455,2,0.15,32006,East,Personal,Approved
485,63,Female,37674,41041,12,29,554,3,0.49,31422,East,Education,Rejected
486,57,Female,103560,70681,60,39,470,5,0.43,12205,North,Car,Rejected
487,32,Male,131543,70481,12,1,469,1,0.6,86590,West,Car,Approved
488,23,Female,43874,73576,36,16,621,3,1.0,23527,North,Business,Rejected
489,21,Female,63642,69174,60,40,755,1,0.77,18443,West,Home,Approved
490,53,Female,143867,31160,36,11,454,3,0.4,16524,South,Car,Approved
491,60,Female,117820,22633,60,34,648,2,0.83,28202,South,Personal,Approved
492,30,Female,85160,22014,36,0,750,4,0.17,65552,South,Home,Approved
493,63,Female,37602,54104,24,14,472,3,0.03,46142,West,Home,Rejected
494,64,Male,123320,46621,36,25,309,1,0.2,61692,East,Education,Approved
495,49,Male,108801,73388,24,36,564,1,0.34,82384,East,Car,Approved
496,33,Male,45931,21014,36,20,737,5,0.51,20855,North,Education,Rejected
497,32,Female,114377,38755,60,30,546,2,0.62,83747,North,Car,Approved
498,51,Male,49192,45390,60,24,845,1,0.91,60372,South,Business,Approved
499,22,Female,66542,28711,60,22,798,0,0.51,25095,North,Education,Approved
500,55,Female,147015,62993,48,23,428,4,0.5,38724,West,Education,Approved
